{"statuses":[{"created_at":"Sun Feb 26 11:49:00 +0000 2017","id":835818946536308700,"id_str":"835818946536308739","text":"68abb2cc102630f3690b71f2b8cfcf6d2ccea5793a7940253810d0d46147477a5351361e1e41e603fb7cb1df01867dbf2828fed74f740d81eaa4e385ec5501a38e9ea1000000","truncated":false,"entities":{"hashtags":[],"symbols":[],"user_mentions":[],"urls":[]},"metadata":{"iso_language_code":"fr","result_type":"recent"},"source":"<a href=\"https://twitter.com/googuns_lulz\" rel=\"nofollow\">GooGuns Lulz</a>","in_reply_to_status_id":null,"in_reply_to_status_id_str":null,"in_reply_to_user_id":null,"in_reply_to_user_id_str":null,"in_reply_to_screen_name":null,"user":{"id":3048544857,"id_str":"3048544857","name":"GooGuns Lulz","screen_name":"googuns_lulz","location":"(here)","description":"@victor_zheng","url":"https://t.co/SPENuLSnct","entities":{"url":{"urls":[{"url":"https://t.co/SPENuLSnct","expanded_url":"http://victorz.ca/bots/googuns","display_url":"victorz.ca/bots/googuns","indices":[0,23]}]},"description":{"urls":[]}},"protected":false,"followers_count":214,"friends_count":1,"listed_count":316,"created_at":"Sat Feb 21 03:26:23 +0000 2015","favourites_count":0,"utc_offset":null,"time_zone":null,"geo_enabled":true,"verified":false,"statuses_count":1592919,"lang":"en","contributors_enabled":false,"is_translator":false,"is_translation_enabled":false,"profile_background_color":"000000","profile_background_image_url":"http://pbs.twimg.com/profile_background_images/569543324252393472/eUqdX4Ud.jpeg","profile_background_image_url_https":"https://pbs.twimg.com/profile_background_images/569543324252393472/eUqdX4Ud.jpeg","profile_background_tile":false,"profile_image_url":"http://pbs.twimg.com/profile_images/569542720855629824/zW4n8dog_normal.png","profile_image_url_https":"https://pbs.twimg.com/profile_images/569542720855629824/zW4n8dog_normal.png","profile_banner_url":"https://pbs.twimg.com/profile_banners/3048544857/1424624796","profile_link_color":"0084B4","profile_sidebar_border_color":"C0DEED","profile_sidebar_fill_color":"DDEEF6","profile_text_color":"333333","profile_use_background_image":true,"has_extended_profile":false,"default_profile":false,"default_profile_image":false,"following":false,"follow_request_sent":false,"notifications":false,"translator_type":"none"},"geo":{"type":"Point","coordinates":[-74.51494144,40.14101352]},"coordinates":{"type":"Point","coordinates":[40.14101352,-74.51494144]},"place":{"id":"4d25f30d2fbf1463","url":"https://api.twitter.com/1.1/geo/id/4d25f30d2fbf1463.json","place_type":"country","name":"Antarctica","full_name":"Antarctica","country_code":"AQ","country":"Antarctica","contained_within":[],"bounding_box":{"type":"Polygon","coordinates":[[[-180,-89.9999],[180,-89.9999],[180,-48.9377699],[-180,-48.9377699]]]},"attributes":{}},"contributors":null,"is_quote_status":false,"retweet_count":0,"favorite_count":0,"favorited":false,"retweeted":false,"lang":"fr"}],"search_metadata":{"completed_in":0.043,"max_id":835818946536308700,"max_id_str":"835818946536308739","query":"","refresh_url":"?since_id=835818946536308739&q=&geocode=-74.00%2C40.71%2C100mi&include_entities=1","count":25,"since_id":0,"since_id_str":"0"}}