[
	{
		"_id": "5907a08c4be0fa3f3ca4cb40",
		"temp": 21,
		"location": "Troy",
		"zip": 12180,
		"__v": 0
	},
	{
		"_id": "5907a1059d003d65c08db51b",
		"temp": 21,
		"location": "Hoboken",
		"zip": 10001,
		"__v": 0
	},
	{
		"_id": "5907a1219d003d65c08db51c",
		"temp": 29,
		"location": "Lakeside",
		"zip": 32003,
		"__v": 0
	},
	{
		"_id": "5907a12e9d003d65c08db51d",
		"temp": 27,
		"location": "Montgomery Village",
		"zip": 20879,
		"__v": 0
	},
	{
		"_id": "5907a3214832c85f74461eba",
		"temp": 27,
		"location": "North Potomac",
		"zip": 20878,
		"__v": 0
	},
	{
		"_id": "5907a37012fc42519cb09979",
		"temp": 27,
		"location": "Gaithersburg",
		"zip": 20877,
		"__v": 0
	}
]